"0.54254150390625","0.64813232421875","0"
"0.54351806640625","0.6480865478515625","0"
"0.54315185546875","0.64764404296875","0"
"0.5406036376953125","0.646728515625","0"
"0.539794921875","0.6454925537109375","0"
"0.5391998291015625","0.6453704833984375","0"
"0.5411834716796875","0.6458282470703125","0"
"0.5436248779296875","0.6474609375","0"
"0.546295166015625","0.649749755859375","0"
"0.5503692626953125","0.65234375","0"
"0.551910400390625","0.6543121337890625","0"
"0.5538177490234375","0.6546783447265625","0"
"0.55535888671875","0.655517578125","0"
"0.5565338134765625","0.65667724609375","0"
"0.5584564208984375","0.657257080078125","0"
"0.558502197265625","0.657623291015625","0"
"0.5591888427734375","0.6575775146484375","0"
"0.559295654296875","0.658294677734375","0"
"0.55224609375","0.6531829833984375","0"
"0.534912109375","0.6413421630859375","0"
"0.5139923095703125","0.627227783203125","0"
"0.5052337646484375","0.619232177734375","0"
"0.5030059814453125","0.6183929443359375","0"
"0.5048980712890625","0.619354248046875","0"
"0.50982666015625","0.62249755859375","0"
"0.5166168212890625","0.6277313232421875","0"
"0.5237884521484375","0.633331298828125","0"
"0.532501220703125","0.638641357421875","0"
"0.5377960205078125","0.6432952880859375","0"
"0.5423431396484375","0.6465606689453125","0"
"0.545562744140625","0.648284912109375","0"
"0.546173095703125","0.6494293212890625","0"
"0.546783447265625","0.64947509765625","0"
"0.54681396484375","0.6487274169921875","0"
"0.5462493896484375","0.6488037109375","0"
"0.54693603515625","0.6495361328125","0"
"0.547760009765625","0.649017333984375","0"
"0.54949951171875","0.650787353515625","0"
"0.5521697998046875","0.6525726318359375","0"
"0.5542144775390625","0.6532440185546875","0"
"0.5564117431640625","0.6550750732421875","0"
"0.5581207275390625","0.657073974609375","0"
"0.560028076171875","0.6582794189453125","0"
"0.562225341796875","0.659210205078125","0"
"0.5627288818359375","0.6597137451171875","0"
"0.5636749267578125","0.6592254638671875","0"
"0.5647430419921875","0.6597900390625","0"
"0.5651397705078125","0.6595916748046875","0"
"0.5624237060546875","0.6590576171875","0"
"0.54913330078125","0.65081787109375","0"
"0.5272216796875","0.63580322265625","0"
"0.512603759765625","0.6249237060546875","0"
"0.5081024169921875","0.62091064453125","0"
"0.50750732421875","0.62188720703125","0"
"0.50970458984375","0.6231231689453125","0"
"0.5140380859375","0.6263275146484375","0"
"0.520477294921875","0.6311187744140625","0"
"0.527587890625","0.6356048583984375","0"
"0.5344696044921875","0.6398773193359375","0"
"0.540740966796875","0.6446380615234375","0"
"0.5449981689453125","0.6484375","0"
"0.54736328125","0.6490478515625","0"
"0.5482177734375","0.6500244140625","0"
"0.5484771728515625","0.6504669189453125","0"
"0.5483245849609375","0.6502227783203125","0"
"0.5474853515625","0.6499176025390625","0"
"0.5476226806640625","0.6490936279296875","0"
"0.5482177734375","0.649505615234375","0"
"0.55078125","0.6512603759765625","0"
"0.552978515625","0.6529693603515625","0"
"0.55511474609375","0.6545562744140625","0"
"0.5559234619140625","0.654754638671875","0"
"0.55865478515625","0.656402587890625","0"
"0.5592498779296875","0.6568756103515625","0"
"0.5604095458984375","0.6576995849609375","0"
"0.5615081787109375","0.657562255859375","0"
"0.5628509521484375","0.65789794921875","0"
"0.562835693359375","0.6585693359375","0"
"0.559417724609375","0.6565704345703125","0"
"0.5443267822265625","0.6471710205078125","0"
"0.520538330078125","0.6299896240234375","0"
"0.5077056884765625","0.62030029296875","0"
"0.503082275390625","0.617218017578125","0"
"0.5031890869140625","0.6180419921875","0"
"0.5058135986328125","0.618988037109375","0"
"0.5109405517578125","0.6219482421875","0"
"0.5175018310546875","0.6275482177734375","0"
"0.5237274169921875","0.63116455078125","0"
"0.530487060546875","0.6369171142578125","0"
"0.5381317138671875","0.6413726806640625","0"
"0.542266845703125","0.6443023681640625","0"
"0.545135498046875","0.646209716796875","0"
"0.5459136962890625","0.647491455078125","0"
"0.5458526611328125","0.6465301513671875","0"
"0.54522705078125","0.645904541015625","0"
"0.5436553955078125","0.64471435546875","0"
"0.5443115234375","0.6450958251953125","0"
"0.5459747314453125","0.6459808349609375","0"
"0.5476837158203125","0.6467132568359375","0"
"0.551055908203125","0.6493072509765625","0"
"0.55291748046875","0.65130615234375","0"
"0.554443359375","0.6516571044921875","0"
"0.55572509765625","0.653076171875","0"
"0.5575103759765625","0.654296875","0"
"0.5584869384765625","0.65496826171875","0"
"0.5595550537109375","0.6552276611328125","0"
"0.5609588623046875","0.6569671630859375","0"
"0.56036376953125","0.6553192138671875","0"
"0.55499267578125","0.652618408203125","0"
"0.5352935791015625","0.6400299072265625","0"
"0.51348876953125","0.623046875","0"
"0.5028839111328125","0.616241455078125","0"
"0.499786376953125","0.61285400390625","0"
"0.5001373291015625","0.6127166748046875","0"
"0.503326416015625","0.6153717041015625","0"
"0.5074310302734375","0.6175689697265625","0"
"0.5129852294921875","0.6216278076171875","0"
"0.5189056396484375","0.6261138916015625","0"
"0.5254364013671875","0.631103515625","0"
"0.5328216552734375","0.6361083984375","0"
"0.5385589599609375","0.6403961181640625","0"
"0.5418243408203125","0.642364501953125","0"
"0.543243408203125","0.643280029296875","0"
"0.543853759765625","0.643829345703125","0"
"0.5430908203125","0.6439971923828125","0"
"0.5419769287109375","0.642730712890625","0"
"0.541595458984375","0.6423797607421875","0"
"0.5423583984375","0.6435089111328125","0"
"0.54327392578125","0.6443939208984375","0"
"0.5463409423828125","0.645721435546875","0"
"0.5482025146484375","0.647003173828125","0"
"0.5508270263671875","0.6480865478515625","0"
"0.552642822265625","0.6497955322265625","0"
"0.553924560546875","0.6508331298828125","0"
"0.555389404296875","0.6514739990234375","0"
"0.5561981201171875","0.6523284912109375","0"
"0.5581207275390625","0.6526336669921875","0"
"0.5581817626953125","0.6534271240234375","0"
"0.556427001953125","0.651824951171875","0"
"0.542938232421875","0.642608642578125","0"
"0.51904296875","0.6261749267578125","0"
"0.50341796875","0.61370849609375","0"
"0.497314453125","0.6099395751953125","0"
"0.4965057373046875","0.609222412109375","0"
"0.4977569580078125","0.6103668212890625","0"
"0.5007476806640625","0.61236572265625","0"
"0.5048828125","0.61529541015625","0"
"0.50958251953125","0.6188201904296875","0"
"0.51483154296875","0.6217498779296875","0"
"0.52093505859375","0.6270751953125","0"
"0.5279541015625","0.6315765380859375","0"
"0.5343170166015625","0.6368865966796875","0"
"0.5372314453125","0.6388397216796875","0"
"0.53851318359375","0.6399383544921875","0"
"0.53924560546875","0.64031982421875","0"
"0.5377960205078125","0.638946533203125","0"
"0.5374603271484375","0.6375579833984375","0"
"0.5368499755859375","0.638275146484375","0"
"0.5387115478515625","0.639068603515625","0"
"0.5413055419921875","0.6411895751953125","0"
"0.5430145263671875","0.642486572265625","0"
"0.5455780029296875","0.64459228515625","0"
"0.5488433837890625","0.646209716796875","0"
"0.550811767578125","0.647613525390625","0"
"0.5525665283203125","0.648284912109375","0"
"0.5544281005859375","0.64935302734375","0"
"0.5552215576171875","0.65008544921875","0"
"0.5565948486328125","0.65081787109375","0"
"0.557159423828125","0.6515655517578125","0"
"0.5556182861328125","0.6501617431640625","0"
"0.5453948974609375","0.6434478759765625","0"
"0.5236358642578125","0.628509521484375","0"
"0.5080718994140625","0.61590576171875","0"
"0.500640869140625","0.610870361328125","0"
"0.4996795654296875","0.6098785400390625","0"
"0.5001983642578125","0.6104278564453125","0"
"0.5034942626953125","0.612091064453125","0"
"0.5069427490234375","0.61541748046875","0"
"0.511688232421875","0.6182403564453125","0"
"0.517333984375","0.6225433349609375","0"
"0.5253143310546875","0.62835693359375","0"
"0.5329132080078125","0.633636474609375","0"
"0.5388336181640625","0.638336181640625","0"
"0.5419158935546875","0.6401214599609375","0"
"0.542327880859375","0.641326904296875","0"
"0.5425567626953125","0.640167236328125","0"
"0.540191650390625","0.63946533203125","0"
"0.538604736328125","0.638153076171875","0"
"0.53936767578125","0.6377105712890625","0"
"0.5395660400390625","0.6386260986328125","0"
"0.541412353515625","0.639678955078125","0"
"0.5444488525390625","0.641387939453125","0"
"0.547515869140625","0.6429595947265625","0"
"0.5502777099609375","0.645263671875","0"
"0.5527801513671875","0.6468963623046875","0"
"0.5550537109375","0.648040771484375","0"
"0.5560760498046875","0.6495208740234375","0"
"0.556854248046875","0.6499786376953125","0"
"0.5585479736328125","0.6510009765625","0"
"0.55902099609375","0.650115966796875","0"
"0.5580596923828125","0.6500244140625","0"
"0.5478515625","0.6437530517578125","0"
"0.5248870849609375","0.6279144287109375","0"
"0.508270263671875","0.614654541015625","0"
"0.5007476806640625","0.60931396484375","0"
"0.4991607666015625","0.6081085205078125","0"
"0.4998321533203125","0.609039306640625","0"
"0.502960205078125","0.6104736328125","0"
"0.50714111328125","0.613494873046875","0"
"0.5113983154296875","0.61676025390625","0"
"0.51763916015625","0.6204833984375","0"
"0.5246124267578125","0.6265411376953125","0"
"0.53289794921875","0.631622314453125","0"
"0.539093017578125","0.636199951171875","0"
"0.540771484375","0.6370391845703125","0"
"0.541595458984375","0.6376800537109375","0"
"0.540252685546875","0.63616943359375","0"
"0.5383453369140625","0.636077880859375","0"
"0.53753662109375","0.6346435546875","0"
"0.5375518798828125","0.634521484375","0"
"0.537994384765625","0.63543701171875","0"
"0.5417327880859375","0.637237548828125","0"
"0.5439605712890625","0.6397857666015625","0"
"0.5475921630859375","0.641754150390625","0"
"0.55078125","0.644500732421875","0"
"0.5526885986328125","0.6448211669921875","0"
"0.553558349609375","0.6459503173828125","0"
"0.55474853515625","0.6473388671875","0"
"0.556854248046875","0.64788818359375","0"
"0.5574493408203125","0.6490936279296875","0"
"0.5586395263671875","0.6485137939453125","0"
"0.5545806884765625","0.6463165283203125","0"
"0.5381011962890625","0.63458251953125","0"
"0.515411376953125","0.6189117431640625","0"
"0.5038909912109375","0.6098785400390625","0"
"0.5002288818359375","0.607879638671875","0"
"0.5001068115234375","0.6067047119140625","0"
"0.5017547607421875","0.6084136962890625","0"
"0.5048675537109375","0.610321044921875","0"
"0.50994873046875","0.6140594482421875","0"
"0.5163421630859375","0.6178436279296875","0"
"0.5225830078125","0.6226043701171875","0"
"0.530975341796875","0.629180908203125","0"
"0.5379638671875","0.6342315673828125","0"
"0.5428314208984375","0.637542724609375","0"
"0.544219970703125","0.63824462890625","0"
"0.54486083984375","0.638153076171875","0"
"0.5446319580078125","0.639190673828125","0"
"0.5433502197265625","0.6375274658203125","0"
"0.5434417724609375","0.636932373046875","0"
"0.54400634765625","0.637420654296875","0"
"0.5457305908203125","0.638763427734375","0"
"0.5480804443359375","0.6400909423828125","0"
"0.5493927001953125","0.64129638671875","0"
"0.55181884765625","0.64251708984375","0"
"0.553924560546875","0.64453125","0"
"0.5561370849609375","0.6450347900390625","0"
"0.5572662353515625","0.646484375","0"
"0.5587310791015625","0.6477508544921875","0"
"0.56005859375","0.649017333984375","0"
"0.5610198974609375","0.649200439453125","0"
"0.561187744140625","0.6496734619140625","0"
"0.558807373046875","0.6481475830078125","0"
"0.5462646484375","0.63922119140625","0"
"0.5233154296875","0.622650146484375","0"
"0.5076751708984375","0.611053466796875","0"
"0.501983642578125","0.6070404052734375","0"
"0.5009307861328125","0.6057281494140625","0"
"0.5016632080078125","0.6063232421875","0"
"0.5051727294921875","0.60919189453125","0"
"0.5107421875","0.6127471923828125","0"
"0.5177154541015625","0.618743896484375","0"
"0.525909423828125","0.624114990234375","0"
"0.5337677001953125","0.6296234130859375","0"
"0.5400543212890625","0.6336669921875","0"
"0.5433197021484375","0.6357269287109375","0"
"0.5447235107421875","0.63702392578125","0"
"0.5454864501953125","0.6377716064453125","0"
"0.545654296875","0.637786865234375","0"
"0.5451812744140625","0.6373291015625","0"
"0.544708251953125","0.637054443359375","0"
"0.5452728271484375","0.6378326416015625","0"
"0.5463104248046875","0.6383819580078125","0"
"0.547760009765625","0.640350341796875","0"
"0.5501861572265625","0.6403045654296875","0"
"0.552398681640625","0.64154052734375","0"
"0.5539093017578125","0.64312744140625","0"
"0.5553131103515625","0.643341064453125","0"
"0.556610107421875","0.6446380615234375","0"
"0.5583038330078125","0.6459808349609375","0"
"0.559783935546875","0.6478118896484375","0"
"0.5604095458984375","0.6477813720703125","0"
"0.561309814453125","0.6491851806640625","0"
"0.5611114501953125","0.6479339599609375","0"
"0.5520477294921875","0.64239501953125","0"
"0.531463623046875","0.6273956298828125","0"
"0.512451171875","0.613983154296875","0"
"0.503326416015625","0.606964111328125","0"
"0.500396728515625","0.6045684814453125","0"
"0.5016021728515625","0.605438232421875","0"
"0.50439453125","0.6073150634765625","0"
"0.50909423828125","0.611083984375","0"
"0.5151519775390625","0.615570068359375","0"
"0.52325439453125","0.6209564208984375","0"
"0.5308990478515625","0.62603759765625","0"
"0.5381927490234375","0.6315765380859375","0"
"0.54327392578125","0.6352386474609375","0"
"0.5458984375","0.6377410888671875","0"
"0.54656982421875","0.637725830078125","0"
"0.546783447265625","0.6373138427734375","0"
"0.54608154296875","0.6373291015625","0"
"0.5454254150390625","0.6370391845703125","0"
"0.5460968017578125","0.63702392578125","0"
"0.5467681884765625","0.6380462646484375","0"
"0.5478515625","0.638671875","0"
"0.55072021484375","0.6405029296875","0"
"0.5529327392578125","0.642120361328125","0"
"0.5546722412109375","0.6424560546875","0"
"0.55609130859375","0.6434478759765625","0"
"0.5565643310546875","0.645599365234375","0"
"0.5581207275390625","0.64569091796875","0"
"0.5598297119140625","0.6466064453125","0"
"0.5610504150390625","0.6483306884765625","0"
"0.56134033203125","0.6477813720703125","0"
"0.562164306640625","0.6485443115234375","0"
"0.55963134765625","0.6470794677734375","0"
"0.5471954345703125","0.63824462890625","0"
"0.5244903564453125","0.6222991943359375","0"
"0.5093841552734375","0.6109161376953125","0"
"0.5026397705078125","0.60675048828125","0"
"0.502410888671875","0.605194091796875","0"
"0.50457763671875","0.607452392578125","0"
"0.50836181640625","0.6104583740234375","0"
"0.5140380859375","0.61358642578125","0"
"0.521484375","0.6190643310546875","0"
"0.5305023193359375","0.62567138671875","0"
"0.5388641357421875","0.6313018798828125","0"
"0.5444793701171875","0.6353912353515625","0"
"0.546417236328125","0.6378173828125","0"
"0.5488739013671875","0.6390380859375","0"
"0.5495758056640625","0.639556884765625","0"
"0.54864501953125","0.6385955810546875","0"
"0.54779052734375","0.6376953125","0"
"0.5478057861328125","0.6380767822265625","0"
"0.5483245849609375","0.6385650634765625","0"
"0.5497283935546875","0.6402435302734375","0"
"0.551849365234375","0.6403045654296875","0"
"0.553466796875","0.6420440673828125","0"
"0.5550994873046875","0.642822265625","0"
"0.5575103759765625","0.6437225341796875","0"
"0.5585174560546875","0.6452789306640625","0"
"0.5594329833984375","0.6467437744140625","0"
"0.56103515625","0.646820068359375","0"
"0.561737060546875","0.64764404296875","0"
"0.56341552734375","0.6488494873046875","0"
"0.563385009765625","0.6487884521484375","0"
"0.563873291015625","0.64892578125","0"
"0.5573577880859375","0.6450958251953125","0"
"0.5370635986328125","0.63067626953125","0"
"0.5166778564453125","0.615692138671875","0"
"0.507232666015625","0.6093902587890625","0"
"0.504119873046875","0.606658935546875","0"
"0.50494384765625","0.6070098876953125","0"
"0.5070648193359375","0.60833740234375","0"
"0.5121002197265625","0.6117095947265625","0"
"0.5185699462890625","0.616424560546875","0"
"0.5252532958984375","0.6220550537109375","0"
"0.5339813232421875","0.6280670166015625","0"
"0.5421295166015625","0.6340484619140625","0"
"0.546905517578125","0.6371002197265625","0"
"0.5491180419921875","0.638397216796875","0"
"0.5500335693359375","0.639312744140625","0"
"0.55078125","0.6399078369140625","0"
"0.5494537353515625","0.6396942138671875","0"
"0.549041748046875","0.6380767822265625","0"
"0.54888916015625","0.6379547119140625","0"
"0.5496673583984375","0.6390838623046875","0"
"0.550811767578125","0.6399993896484375","0"
"0.5528564453125","0.640472412109375","0"
"0.55487060546875","0.642333984375","0"
"0.5563812255859375","0.6431427001953125","0"
"0.5581207275390625","0.644775390625","0"
"0.559814453125","0.6458587646484375","0"
"0.5609283447265625","0.6467742919921875","0"
"0.5616912841796875","0.6461944580078125","0"
"0.5623931884765625","0.647369384765625","0"
"0.5631103515625","0.6473388671875","0"
"0.56402587890625","0.6476898193359375","0"
"0.562896728515625","0.647308349609375","0"
"0.5540008544921875","0.6417236328125","0"
"0.5324554443359375","0.6266021728515625","0"
"0.51336669921875","0.6119537353515625","0"
"0.50634765625","0.60699462890625","0"
"0.504974365234375","0.605865478515625","0"
"0.5056915283203125","0.6066436767578125","0"
"0.5087127685546875","0.60888671875","0"
"0.5145721435546875","0.6122894287109375","0"
"0.5216064453125","0.617645263671875","0"
"0.5300750732421875","0.6240692138671875","0"
"0.5381927490234375","0.6297149658203125","0"
"0.5438995361328125","0.6343841552734375","0"
"0.5474700927734375","0.6363067626953125","0"
"0.5489044189453125","0.6374053955078125","0"
"0.5493927001953125","0.637786865234375","0"
"0.5495147705078125","0.6370697021484375","0"
"0.5484619140625","0.6373291015625","0"
"0.5477294921875","0.635986328125","0"
"0.547515869140625","0.6356964111328125","0"
"0.54901123046875","0.636932373046875","0"
"0.5503692626953125","0.6377716064453125","0"
"0.55169677734375","0.6385498046875","0"
"0.5540924072265625","0.639984130859375","0"
"0.556671142578125","0.6426544189453125","0"
"0.55828857421875","0.6424713134765625","0"
"0.55877685546875","0.6439361572265625","0"
"0.5611572265625","0.6452789306640625","0"
"0.5622100830078125","0.64617919921875","0"
"0.56231689453125","0.64599609375","0"
"0.5642242431640625","0.6471405029296875","0"
"0.563385009765625","0.646820068359375","0"
"0.559295654296875","0.6444244384765625","0"
"0.542449951171875","0.6329345703125","0"
"0.5201873779296875","0.61627197265625","0"
"0.50909423828125","0.6089935302734375","0"
"0.5055084228515625","0.6066436767578125","0"
"0.5054779052734375","0.606231689453125","0"
"0.5071868896484375","0.6074371337890625","0"
"0.5113067626953125","0.6107330322265625","0"
"0.5177154541015625","0.61474609375","0"
"0.5259857177734375","0.6202850341796875","0"
"0.5352020263671875","0.62689208984375","0"
"0.542266845703125","0.632293701171875","0"
"0.546630859375","0.63543701171875","0"
"0.5483856201171875","0.6358489990234375","0"
"0.5499267578125","0.637298583984375","0"
"0.5497283935546875","0.636627197265625","0"
"0.54925537109375","0.636962890625","0"
"0.5487518310546875","0.636688232421875","0"
"0.5486297607421875","0.6366729736328125","0"
"0.549041748046875","0.6368408203125","0"
"0.55133056640625","0.6379547119140625","0"
"0.5527801513671875","0.638641357421875","0"
"0.554718017578125","0.6397247314453125","0"
"0.555572509765625","0.641021728515625","0"
"0.5579986572265625","0.6424102783203125","0"
"0.55877685546875","0.6435546875","0"
"0.5601043701171875","0.6442718505859375","0"
"0.5610198974609375","0.6451263427734375","0"
"0.5627593994140625","0.6460723876953125","0"
"0.5633697509765625","0.645751953125","0"
"0.5631561279296875","0.64605712890625","0"
"0.5581512451171875","0.6422119140625","0"
"0.5393524169921875","0.630218505859375","0"
"0.51812744140625","0.6142425537109375","0"
"0.507476806640625","0.60699462890625","0"
"0.50457763671875","0.6047515869140625","0"
"0.5053863525390625","0.604705810546875","0"
"0.5079345703125","0.60626220703125","0"
"0.5115509033203125","0.6096343994140625","0"
"0.5179901123046875","0.6139373779296875","0"
"0.5258026123046875","0.619140625","0"
"0.534423828125","0.62554931640625","0"
"0.5414581298828125","0.63104248046875","0"
"0.545654296875","0.6335906982421875","0"
"0.54791259765625","0.635009765625","0"
"0.5495147705078125","0.636810302734375","0"
"0.549072265625","0.63641357421875","0"
"0.548583984375","0.635772705078125","0"
"0.54681396484375","0.6342010498046875","0"
"0.546875","0.6339111328125","0"
"0.54779052734375","0.63604736328125","0"
"0.5493316650390625","0.63616943359375","0"
"0.5504150390625","0.637237548828125","0"
"0.5527191162109375","0.6385040283203125","0"
"0.5539398193359375","0.638916015625","0"
"0.5559234619140625","0.639862060546875","0"
"0.5583343505859375","0.6418609619140625","0"
"0.558990478515625","0.6429290771484375","0"
"0.56048583984375","0.6434783935546875","0"
"0.5612640380859375","0.644195556640625","0"
"0.562652587890625","0.644927978515625","0"
"0.5608673095703125","0.644287109375","0"
"0.55218505859375","0.6377105712890625","0"
"0.530853271484375","0.6226959228515625","0"
"0.512969970703125","0.6098175048828125","0"
"0.5059051513671875","0.604888916015625","0"
"0.503936767578125","0.603759765625","0"
"0.5048065185546875","0.603729248046875","0"
"0.50787353515625","0.6061859130859375","0"
"0.511962890625","0.609527587890625","0"
"0.5183868408203125","0.6134490966796875","0"
"0.52581787109375","0.6190338134765625","0"
"0.5346832275390625","0.6252288818359375","0"
"0.541259765625","0.63006591796875","0"
"0.5445098876953125","0.632598876953125","0"
"0.5462646484375","0.6334686279296875","0"
"0.5468597412109375","0.6341400146484375","0"
"0.5451202392578125","0.6327667236328125","0"
"0.5439605712890625","0.631439208984375","0"
"0.542877197265625","0.6314544677734375","0"
"0.5434112548828125","0.6308746337890625","0"
"0.54449462890625","0.63189697265625","0"
"0.54620361328125","0.6334381103515625","0"
"0.54840087890625","0.63525390625","0"
"0.5506591796875","0.63677978515625","0"
"0.5530242919921875","0.6376800537109375","0"
"0.5546722412109375","0.639251708984375","0"
"0.5565643310546875","0.639923095703125","0"
"0.557891845703125","0.6414794921875","0"
"0.5593414306640625","0.641998291015625","0"
"0.5599365234375","0.643157958984375","0"
"0.55999755859375","0.6425933837890625","0"
"0.5527191162109375","0.6376495361328125","0"
"0.53265380859375","0.6232147216796875","0"
"0.512451171875","0.6093902587890625","0"
"0.5028533935546875","0.6017608642578125","0"
"0.4999237060546875","0.59979248046875","0"
"0.499481201171875","0.599090576171875","0"
"0.5007171630859375","0.6002349853515625","0"
"0.5046234130859375","0.602783203125","0"
"0.5084381103515625","0.6063232421875","0"
"0.5142364501953125","0.6097412109375","1"
"0.5211334228515625","0.614654541015625","1"
"0.5290069580078125","0.6204986572265625","0"
"0.535919189453125","0.625152587890625","1"
"0.5386505126953125","0.6280517578125","1"
"0.53961181640625","0.62774658203125","0"
"0.539093017578125","0.6278076171875","1"
"0.5372314453125","0.6258697509765625","1"
"0.5348663330078125","0.623931884765625","1"
"0.534393310546875","0.62420654296875","1"
"0.5346832275390625","0.6243438720703125","1"
"0.5362701416015625","0.625732421875","2"
"0.5380859375","0.626800537109375","2"
"0.54193115234375","0.629150390625","2"
"0.5445556640625","0.631500244140625","3"
"0.547210693359375","0.63311767578125","4"
"0.5494232177734375","0.633758544921875","4"
"0.550994873046875","0.6355743408203125","5"
"0.552886962890625","0.63690185546875","5"
"0.5539093017578125","0.6375579833984375","6"
"0.555511474609375","0.63800048828125","6"
"0.555908203125","0.638702392578125","7"
"0.549896240234375","0.634185791015625","8"
"0.5316619873046875","0.621673583984375","9"
"0.50848388671875","0.605560302734375","10"
"0.4979095458984375","0.597076416015625","10"
"0.4942474365234375","0.594696044921875","11"
"0.493621826171875","0.59423828125","11"
"0.4952239990234375","0.5949859619140625","11"
"0.4975738525390625","0.5965576171875","12"
"0.501312255859375","0.5997314453125","12"
"0.5066070556640625","0.6027374267578125","12"
"0.5122528076171875","0.60687255859375","12"
"0.5198516845703125","0.612762451171875","12"
"0.527313232421875","0.6178436279296875","13"
"0.5308074951171875","0.62054443359375","14"
"0.5317840576171875","0.6223297119140625","14"
"0.531585693359375","0.6216278076171875","15"
"0.5299530029296875","0.6205902099609375","16"
"0.52777099609375","0.618377685546875","16"
"0.5254669189453125","0.6167449951171875","16"
"0.52618408203125","0.61737060546875","16"
"0.52752685546875","0.6184844970703125","15"
"0.530548095703125","0.620941162109375","16"
"0.5333404541015625","0.6228790283203125","16"
"0.53656005859375","0.6242828369140625","16"
"0.539398193359375","0.626861572265625","16"
"0.54290771484375","0.628692626953125","16"
"0.545013427734375","0.6306915283203125","16"
"0.547637939453125","0.6315155029296875","16"
"0.54937744140625","0.6333770751953125","16"
"0.55035400390625","0.63385009765625","16"
"0.551361083984375","0.6347503662109375","17"
"0.5507049560546875","0.634857177734375","17"
"0.5444488525390625","0.6299285888671875","17"
"0.524169921875","0.6158905029296875","18"
"0.5037689208984375","0.6005096435546875","18"
"0.4939117431640625","0.5932464599609375","19"
"0.4918212890625","0.591400146484375","20"
"0.49072265625","0.5908966064453125","22"
"0.4926300048828125","0.5926666259765625","23"
"0.49560546875","0.5941009521484375","24"
"0.5000762939453125","0.5971221923828125","24"
"0.505279541015625","0.6011199951171875","25"
"0.512298583984375","0.60699462890625","26"
"0.5205841064453125","0.6120452880859375","25"
"0.5265350341796875","0.6171722412109375","25"
"0.5299072265625","0.618804931640625","24"
"0.531524658203125","0.61981201171875","24"
"0.52947998046875","0.6190338134765625","25"
"0.527374267578125","0.6169586181640625","25"
"0.52423095703125","0.614715576171875","25"
"0.5223388671875","0.6136474609375","25"
"0.5227203369140625","0.6139068603515625","25"
"0.5243988037109375","0.6151123046875","25"
"0.5269775390625","0.616943359375","25"
"0.5306396484375","0.619110107421875","25"
"0.534515380859375","0.62176513671875","24"
"0.538726806640625","0.6246490478515625","24"
"0.5413360595703125","0.626251220703125","24"
"0.543548583984375","0.6280364990234375","24"
"0.5465850830078125","0.6295623779296875","24"
"0.5476531982421875","0.6320953369140625","23"
"0.54864501953125","0.6328582763671875","23"
"0.5498504638671875","0.6324462890625","23"
"0.5496673583984375","0.6331329345703125","24"
"0.5443572998046875","0.6286163330078125","24"
"0.5236358642578125","0.614288330078125","24"
"0.50360107421875","0.5998382568359375","23"
"0.494293212890625","0.5930633544921875","23"
"0.4922943115234375","0.591033935546875","23"
"0.491912841796875","0.591827392578125","22"
"0.4942626953125","0.59271240234375","23"
"0.4980621337890625","0.595611572265625","23"
"0.502227783203125","0.5987701416015625","23"
"0.50799560546875","0.6026153564453125","23"
"0.5148468017578125","0.607696533203125","24"
"0.523162841796875","0.6138916015625","24"
"0.5294952392578125","0.61810302734375","24"
"0.5330963134765625","0.6214141845703125","24"
"0.5341949462890625","0.6219635009765625","25"
"0.533111572265625","0.6213836669921875","26"
"0.53057861328125","0.619232177734375","26"
"0.527313232421875","0.6173095703125","27"
"0.5261688232421875","0.615936279296875","28"
"0.5263824462890625","0.61614990234375","28"
"0.5284576416015625","0.6173248291015625","27"
"0.5313568115234375","0.619171142578125","26"
"0.5346832275390625","0.62158203125","25"
"0.5381011962890625","0.6239166259765625","25"
"0.5412445068359375","0.626129150390625","25"
"0.5437164306640625","0.628265380859375","25"
"0.5466156005859375","0.6300048828125","24"
"0.54815673828125","0.63092041015625","24"
"0.5497589111328125","0.6321563720703125","23"
"0.55133056640625","0.633453369140625","23"
"0.552459716796875","0.6338958740234375","23"
"0.5530242919921875","0.634185791015625","23"
"0.5468597412109375","0.6300811767578125","23"
"0.5275726318359375","0.6162567138671875","23"
"0.5063323974609375","0.60113525390625","22"
"0.4971160888671875","0.5939483642578125","22"
"0.49407958984375","0.5920867919921875","22"
"0.49468994140625","0.59222412109375","22"
"0.4968719482421875","0.5943450927734375","21"
"0.501373291015625","0.59686279296875","21"
"0.506378173828125","0.60003662109375","21"
"0.512298583984375","0.604217529296875","22"
"0.5211334228515625","0.6109771728515625","22"
"0.5289459228515625","0.61700439453125","22"
"0.5342559814453125","0.621063232421875","22"
"0.537109375","0.6236572265625","22"
"0.53759765625","0.6237030029296875","23"
"0.5365447998046875","0.6226806640625","23"
"0.5335845947265625","0.6197357177734375","24"
"0.530548095703125","0.6184234619140625","24"
"0.5292205810546875","0.617431640625","24"
"0.5296630859375","0.6171722412109375","24"
"0.5316925048828125","0.6181488037109375","24"
"0.5344696044921875","0.620147705078125","25"
"0.5382232666015625","0.623291015625","25"
"0.54144287109375","0.625152587890625","24"
"0.54449462890625","0.62799072265625","25"
"0.546966552734375","0.6289215087890625","25"
"0.5491180419921875","0.631317138671875","25"
"0.55084228515625","0.6325531005859375","24"
"0.552398681640625","0.6334686279296875","24"
"0.553497314453125","0.63385009765625","24"
"0.553863525390625","0.6342010498046875","24"
"0.55474853515625","0.6342315673828125","25"
"0.5526885986328125","0.6328887939453125","24"
"0.5385589599609375","0.623931884765625","23"
"0.51568603515625","0.6075439453125","23"
"0.5020904541015625","0.596435546875","23"
"0.4970703125","0.592987060546875","23"
"0.4975738525390625","0.5937042236328125","23"
"0.498687744140625","0.5935516357421875","23"
"0.5015716552734375","0.5957183837890625","23"
"0.5062103271484375","0.599578857421875","22"
"0.5126495361328125","0.60394287109375","22"
"0.530059814453125","0.6165618896484375","22"
"0.5369415283203125","0.62176513671875","22"
"0.5397186279296875","0.624114990234375","22"
"0.5409698486328125","0.6247100830078125","22"
"0.5406951904296875","0.6248321533203125","22"
"0.5380859375","0.623046875","22"
"0.535064697265625","0.620330810546875","23"
"0.5337677001953125","0.619354248046875","23"
"0.533355712890625","0.6186676025390625","24"
"0.534912109375","0.6200103759765625","24"
"0.537506103515625","0.621551513671875","25"
"0.54058837890625","0.6237640380859375","25"
"0.5436859130859375","0.626007080078125","25"
"0.547271728515625","0.6279449462890625","25"
"0.5491790771484375","0.6299285888671875","26"
"0.55255126953125","0.632110595703125","26"
"0.5538177490234375","0.6331329345703125","26"
"0.5549774169921875","0.633331298828125","26"
"0.5556793212890625","0.6355743408203125","25"
"0.5573272705078125","0.636322021484375","25"
"0.55792236328125","0.636322021484375","25"
"0.556488037109375","0.635284423828125","25"
"0.54736328125","0.6290435791015625","25"
"0.5264434814453125","0.6141204833984375","25"
"0.506744384765625","0.5993194580078125","24"
"0.5011138916015625","0.5943145751953125","24"
"0.4996337890625","0.5936126708984375","24"
"0.5005340576171875","0.59405517578125","24"
"0.5032958984375","0.5968170166015625","24"
"0.508026123046875","0.599029541015625","24"
"0.514068603515625","0.6040802001953125","23"
"0.5218963623046875","0.6105194091796875","23"
"0.53118896484375","0.6166839599609375","23"
"0.538116455078125","0.6216583251953125","23"
"0.542572021484375","0.6250152587890625","23"
"0.5441741943359375","0.6260223388671875","23"
"0.5448760986328125","0.625640869140625","22"
"0.543182373046875","0.625152587890625","23"
"0.5405426025390625","0.623138427734375","23"
"0.5387115478515625","0.6222076416015625","23"
"0.5379180908203125","0.6213531494140625","22"
"0.5388641357421875","0.6220703125","24"
"0.541595458984375","0.6237335205078125","24"
"0.5442962646484375","0.6253204345703125","24"
"0.5469818115234375","0.627960205078125","24"
"0.5498504638671875","0.62939453125","24"
"0.5523223876953125","0.6314849853515625","24"
"0.5537261962890625","0.632537841796875","23"
"0.5551910400390625","0.63287353515625","23"
"0.55609130859375","0.634674072265625","24"
"0.5578765869140625","0.635009765625","24"
"0.5593719482421875","0.636688232421875","25"
"0.5601043701171875","0.636627197265625","25"
"0.55999755859375","0.6368560791015625","25"
"0.5544281005859375","0.6325836181640625","25"
"0.535186767578125","0.619171142578125","25"
"0.51416015625","0.604034423828125","25"
"0.5048675537109375","0.595977783203125","25"
"0.5013580322265625","0.5940399169921875","25"
"0.5019378662109375","0.5947418212890625","24"
"0.5040130615234375","0.5963287353515625","25"
"0.5085906982421875","0.5993804931640625","25"
"0.51519775390625","0.6047210693359375","26"
"0.5230560302734375","0.609283447265625","26"
"0.5324554443359375","0.616180419921875","27"
"0.5389862060546875","0.6215057373046875","27"
"0.5440826416015625","0.624755859375","27"
"0.545562744140625","0.6258392333984375","27"
"0.546234130859375","0.6268768310546875","27"
"0.5453033447265625","0.626251220703125","27"
"0.544189453125","0.6247100830078125","26"
"0.542510986328125","0.6227264404296875","26"
"0.5419464111328125","0.622802734375","26"
"0.5428009033203125","0.623504638671875","25"
"0.5443267822265625","0.6252593994140625","23"
"0.546630859375","0.62518310546875","23"
"0.5490264892578125","0.6285400390625","23"
"0.5513763427734375","0.6291656494140625","29"
"0.5529022216796875","0.6307830810546875","29"
"0.5550994873046875","0.6324615478515625","29"
"0.556976318359375","0.6335601806640625","29"
"0.55810546875","0.634796142578125","25"
"0.55963134765625","0.63519287109375","25"
"0.5598907470703125","0.635284423828125","24"
"0.5611114501953125","0.6364898681640625","24"
"0.5601043701171875","0.6367034912109375","25"
"0.5535430908203125","0.631561279296875","26"
"0.5344696044921875","0.6175537109375","26"
"0.5141143798828125","0.6031646728515625","26"
"0.505096435546875","0.5956268310546875","27"
"0.502716064453125","0.5936431884765625","28"
"0.502899169921875","0.594970703125","28"
"0.50653076171875","0.597381591796875","28"
"0.5118560791015625","0.6006622314453125","27"
"0.5180206298828125","0.605682373046875","27"
"0.52606201171875","0.611358642578125","27"
"0.5348663330078125","0.6177825927734375","27"
"0.5411376953125","0.6225128173828125","27"
"0.5447845458984375","0.62506103515625","27"
"0.5463409423828125","0.6263427734375","28"
"0.5461578369140625","0.6268310546875","27"
"0.5454559326171875","0.625457763671875","27"
"0.543731689453125","0.624176025390625","27"
"0.5426025390625","0.62310791015625","27"
"0.542694091796875","0.6225128173828125","27"
"0.543365478515625","0.6238250732421875","27"
"0.5456085205078125","0.6246795654296875","27"
"0.547637939453125","0.626739501953125","27"
"0.54998779296875","0.6283721923828125","27"
"0.5527496337890625","0.629669189453125","27"
"0.554779052734375","0.631988525390625","27"
"0.556549072265625","0.63226318359375","27"
"0.557342529296875","0.6336517333984375","27"
"0.55841064453125","0.633453369140625","27"
"0.55975341796875","0.6354522705078125","26"
"0.55999755859375","0.635894775390625","26"
"0.5608978271484375","0.6356201171875","26"
"0.5559539794921875","0.63226318359375","25"
"0.539398193359375","0.620330810546875","26"
"0.5178375244140625","0.6042022705078125","26"
"0.505218505859375","0.5951690673828125","27"
"0.5013427734375","0.5916900634765625","27"
"0.5007781982421875","0.5914154052734375","26"
"0.50286865234375","0.5926971435546875","26"
"0.5063018798828125","0.596221923828125","25"
"0.512481689453125","0.6003265380859375","25"
"0.5195159912109375","0.6055908203125","26"
"0.527679443359375","0.611083984375","26"
"0.53497314453125","0.6174468994140625","26"
"0.5409393310546875","0.620849609375","25"
"0.5432281494140625","0.6232757568359375","24"
"0.5436859130859375","0.623382568359375","25"
"0.54315185546875","0.623016357421875","25"
"0.5416717529296875","0.6213836669921875","26"
"0.539794921875","0.619964599609375","26"
"0.538970947265625","0.6194610595703125","26"
"0.538787841796875","0.6192474365234375","24"
"0.5406951904296875","0.62030029296875","24"
"0.542877197265625","0.622222900390625","24"
"0.54559326171875","0.62408447265625","25"
"0.547943115234375","0.6254425048828125","24"
"0.5501708984375","0.6274566650390625","25"
"0.552398681640625","0.6289825439453125","26"
"0.5536956787109375","0.62994384765625","25"
"0.5558929443359375","0.63226318359375","26"
"0.55694580078125","0.632232666015625","26"
"0.5583953857421875","0.633392333984375","26"
"0.5580902099609375","0.633514404296875","27"
"0.5519561767578125","0.6282501220703125","27"
"0.5321197509765625","0.6148834228515625","26"
"0.5111083984375","0.5988922119140625","27"
"0.5013275146484375","0.591094970703125","27"
"0.4979248046875","0.5886688232421875","27"
"0.49737548828125","0.5885009765625","27"
"0.49951171875","0.5897216796875","27"
"0.5025634765625","0.5926361083984375","28"
"0.5073699951171875","0.5956573486328125","29"
"0.51409912109375","0.6003265380859375","29"
"0.5216064453125","0.605987548828125","29"
"0.5292510986328125","0.61114501953125","28"
"0.53466796875","0.615447998046875","28"
"0.537445068359375","0.6179962158203125","28"
"0.537750244140625","0.617889404296875","27"
"0.537017822265625","0.61785888671875","27"
"0.534332275390625","0.6153106689453125","27"
"0.5320892333984375","0.6143035888671875","27"
"0.5316925048828125","0.6143951416015625","27"
"0.5324859619140625","0.61407470703125","27"
"0.533843994140625","0.615264892578125","27"
"0.5368194580078125","0.6175994873046875","27"
"0.539337158203125","0.61932373046875","28"
"0.5417327880859375","0.620941162109375","28"
"0.544769287109375","0.6224212646484375","28"
"0.5469207763671875","0.624267578125","28"
"0.5493621826171875","0.62548828125","29"
"0.5509185791015625","0.6270904541015625","29"
"0.552520751953125","0.62872314453125","29"
"0.5532379150390625","0.629486083984375","29"
"0.553192138671875","0.6290740966796875","29"
"0.544097900390625","0.622528076171875","30"
"0.5222625732421875","0.606781005859375","30"
"0.5036468505859375","0.593170166015625","30"
"0.495635986328125","0.5865020751953125","30"
"0.492340087890625","0.583770751953125","29"
"0.4927520751953125","0.584228515625","29"
"0.4951019287109375","0.58599853515625","30"
"0.4979705810546875","0.588531494140625","30"
"0.503021240234375","0.59149169921875","30"
"0.5091400146484375","0.59619140625","30"
"0.51641845703125","0.6016082763671875","30"
"0.5232696533203125","0.6072235107421875","30"
"0.5282745361328125","0.61065673828125","29"
"0.5309295654296875","0.612640380859375","29"
"0.530975341796875","0.6125640869140625","29"
"0.5285491943359375","0.6112213134765625","28"
"0.52557373046875","0.6080780029296875","28"
"0.523468017578125","0.606781005859375","28"
"0.522491455078125","0.6056365966796875","27"
"0.522613525390625","0.606048583984375","26"
"0.5260772705078125","0.60809326171875","26"
"0.5286407470703125","0.610565185546875","23"
"0.531982421875","0.61273193359375","23"
"0.53582763671875","0.615631103515625","22"
"0.5387725830078125","0.6174774169921875","21"
"0.54180908203125","0.61956787109375","20"
"0.5445098876953125","0.622100830078125","19"
"0.546112060546875","0.6234893798828125","20"
"0.54742431640625","0.6242218017578125","18"
"0.5484161376953125","0.6248931884765625","17"
"0.5483551025390625","0.6249237060546875","17"
"0.54315185546875","0.6200103759765625","18"
"0.523406982421875","0.6074066162109375","19"
"0.5028228759765625","0.591094970703125","20"
"0.4929046630859375","0.5833892822265625","20"
"0.4895172119140625","0.5811309814453125","21"
"0.4887237548828125","0.580078125","21"
"0.490020751953125","0.58111572265625","21"
"0.4923248291015625","0.5839996337890625","20"
"0.4959869384765625","0.586273193359375","22"
"0.501739501953125","0.5900726318359375","23"
"0.5078887939453125","0.594879150390625","24"
"0.5147247314453125","0.59954833984375","25"
"0.521240234375","0.6040496826171875","26"
"0.5248260498046875","0.607208251953125","27"
"0.525726318359375","0.608062744140625","28"
"0.523834228515625","0.6069793701171875","30"
"0.52099609375","0.6048126220703125","32"
"0.518585205078125","0.6026153564453125","33"
"0.5166168212890625","0.6013946533203125","33"
"0.51708984375","0.6012725830078125","33"
"0.5193328857421875","0.60198974609375","32"
"0.522705078125","0.6046905517578125","32"
"0.525543212890625","0.607513427734375","32"
"0.52972412109375","0.6112060546875","31"
"0.53338623046875","0.6136016845703125","31"
"0.5364990234375","0.615234375","31"
"0.5390625","0.61688232421875","30"
"0.5403900146484375","0.618988037109375","30"
"0.542572021484375","0.619903564453125","30"
"0.5449066162109375","0.6218719482421875","30"
"0.5461273193359375","0.6214141845703125","30"
"0.5460662841796875","0.62274169921875","29"
"0.54205322265625","0.6195831298828125","28"
"0.5249176025390625","0.6070709228515625","28"
"0.502593994140625","0.589813232421875","27"
"0.4915924072265625","0.581817626953125","27"
"0.48699951171875","0.578338623046875","27"
"0.486114501953125","0.5777587890625","27"
"0.4873504638671875","0.5787506103515625","27"
"0.4901275634765625","0.580718994140625","26"
"0.4933624267578125","0.583038330078125","26"
"0.4982147216796875","0.586639404296875","25"
"0.50372314453125","0.5903472900390625","26"
"0.5099334716796875","0.59619140625","26"
"0.516571044921875","0.600311279296875","26"
"0.5205841064453125","0.6036224365234375","26"
"0.5221405029296875","0.604461669921875","26"
"0.5210418701171875","0.6038055419921875","26"
"0.5177001953125","0.6010284423828125","26"
"0.5144500732421875","0.5986480712890625","26"
"0.512664794921875","0.5970611572265625","26"
"0.513153076171875","0.5971832275390625","26"
"0.514495849609375","0.599578857421875","26"
"0.5172271728515625","0.60107421875","26"
"0.52105712890625","0.603851318359375","26"
"0.53009033203125","0.60955810546875","26"
"0.53265380859375","0.612060546875","26"
"0.5359649658203125","0.6153106689453125","26"
"0.5386810302734375","0.6158294677734375","26"
"0.5402679443359375","0.617950439453125","26"
"0.5417327880859375","0.6185455322265625","27"
"0.543487548828125","0.620025634765625","27"
"0.5442352294921875","0.6199493408203125","27"
"0.5455169677734375","0.621490478515625","27"
"0.5436859130859375","0.6197357177734375","27"
"0.53131103515625","0.6109161376953125","27"
"0.5079803466796875","0.593902587890625","27"
"0.4930419921875","0.58203125","26"
"0.4871063232421875","0.5775604248046875","27"
"0.4853668212890625","0.5754852294921875","27"
"0.485382080078125","0.576202392578125","27"
"0.48779296875","0.578094482421875","27"
"0.49053955078125","0.58074951171875","26"
"0.49530029296875","0.58428955078125","26"
"0.500762939453125","0.587890625","26"
"0.5059661865234375","0.5921783447265625","26"
"0.512542724609375","0.596954345703125","26"
"0.5180206298828125","0.6010589599609375","26"
"0.5196990966796875","0.6025238037109375","26"
"0.5181427001953125","0.60137939453125","26"
"0.515380859375","0.599334716796875","25"
"0.512359619140625","0.5968780517578125","25"
"0.51019287109375","0.59515380859375","25"
"0.50994873046875","0.595306396484375","26"
"0.51171875","0.5959930419921875","26"
"0.51470947265625","0.59820556640625","26"
"0.5180816650390625","0.6015625","26"
"0.5229644775390625","0.604248046875","25"
"0.526275634765625","0.6068878173828125","25"
"0.5301361083984375","0.6093597412109375","26"
"0.532440185546875","0.6115570068359375","26"
"0.53546142578125","0.6136627197265625","27"
"0.5376129150390625","0.615020751953125","27"
"0.5394439697265625","0.615875244140625","26"
"0.5407562255859375","0.61688232421875","26"
"0.5424957275390625","0.618133544921875","26"
"0.5430908203125","0.6186065673828125","27"
"0.5447998046875","0.6199493408203125","27"
"0.544281005859375","0.619781494140625","27"
"0.5400238037109375","0.6166229248046875","27"
"0.5238189697265625","0.6042327880859375","27"
"0.5023345947265625","0.589080810546875","27"
"0.4899749755859375","0.5796356201171875","27"
"0.4851531982421875","0.575225830078125","27"
"0.48406982421875","0.5749969482421875","27"
"0.4845733642578125","0.5762939453125","27"
"0.4881439208984375","0.5782012939453125","27"
"0.4914703369140625","0.5800933837890625","27"
"0.4948577880859375","0.58306884765625","26"
"0.5002899169921875","0.586669921875","26"
"0.506195068359375","0.5911407470703125","26"
"0.5117950439453125","0.5956573486328125","27"
"0.5168914794921875","0.59918212890625","27"
"0.51849365234375","0.6004638671875","27"
"0.5175933837890625","0.6003265380859375","26"
"0.5145721435546875","0.598602294921875","25"
"0.5120697021484375","0.59564208984375","27"
"0.50921630859375","0.594573974609375","27"
"0.5096282958984375","0.594512939453125","26"
"0.51141357421875","0.5947113037109375","26"
"0.514495849609375","0.5979156494140625","26"
"0.5179901123046875","0.600555419921875","26"
"0.52215576171875","0.6026153564453125","26"
"0.52679443359375","0.60626220703125","26"
"0.5307159423828125","0.6090240478515625","26"
"0.5332489013671875","0.611114501953125","26"
"0.5356597900390625","0.612457275390625","26"
"0.53704833984375","0.613983154296875","25"
"0.538543701171875","0.61492919921875","26"
"0.540771484375","0.615875244140625","27"
"0.5409088134765625","0.61627197265625","27"
"0.542510986328125","0.6172637939453125","27"
"0.5438079833984375","0.61907958984375","27"
"0.5448455810546875","0.6196136474609375","27"
"0.545196533203125","0.6191558837890625","28"
"0.5423126220703125","0.616943359375","27"
"0.527435302734375","0.606597900390625","26"
"0.5048828125","0.5899200439453125","25"
"0.4909210205078125","0.5793609619140625","25"
"0.4859161376953125","0.57476806640625","26"
"0.4838104248046875","0.573577880859375","26"
"0.4849090576171875","0.5739288330078125","26"
"0.4874725341796875","0.5759735107421875","26"
"0.4910888671875","0.57928466796875","26"
"0.4950714111328125","0.58197021484375","26"
"0.500244140625","0.58551025390625","26"
"0.506866455078125","0.5906829833984375","27"
"0.513214111328125","0.595977783203125","27"
"0.5188140869140625","0.6005401611328125","27"
"0.5213165283203125","0.6013336181640625","28"
"0.5211029052734375","0.601226806640625","28"
"0.518096923828125","0.5996551513671875","28"
"0.51483154296875","0.5966949462890625","28"
"0.5128021240234375","0.595703125","27"
"0.5130767822265625","0.5951080322265625","27"
"0.51385498046875","0.5964813232421875","26"
"0.516937255859375","0.5980377197265625","27"
"0.5206451416015625","0.6010894775390625","26"
"0.5239105224609375","0.6025390625","26"
"0.5279083251953125","0.606689453125","26"
"0.53179931640625","0.608856201171875","26"
"0.53460693359375","0.61083984375","25"
"0.53704833984375","0.612640380859375","25"
"0.538330078125","0.613800048828125","25"
"0.5397796630859375","0.6142730712890625","24"
"0.5410308837890625","0.6152191162109375","24"
"0.5423431396484375","0.61627197265625","24"
"0.5428009033203125","0.61676025390625","24"
"0.5441131591796875","0.6173095703125","24"
"0.544952392578125","0.618682861328125","25"
"0.5465240478515625","0.6193389892578125","25"
"0.5464630126953125","0.6199188232421875","25"
"0.543792724609375","0.6179656982421875","25"
"0.5283355712890625","0.6070098876953125","25"
"0.5048980712890625","0.589599609375","26"
"0.49176025390625","0.579620361328125","27"
"0.48675537109375","0.57611083984375","27"
"0.485565185546875","0.5749359130859375","27"
"0.486328125","0.57568359375","27"
"0.490631103515625","0.57757568359375","28"
"0.49383544921875","0.57989501953125","28"
"0.49908447265625","0.5853424072265625","29"
"0.505157470703125","0.58905029296875","29"
"0.5125274658203125","0.5940399169921875","29"
"0.518646240234375","0.5988006591796875","29"
"0.5227203369140625","0.601654052734375","29"
"0.524078369140625","0.6027679443359375","28"
"0.524322509765625","0.60321044921875","29"
"0.5223388671875","0.6016082763671875","28"
"0.518829345703125","0.5991058349609375","28"
"0.5178070068359375","0.5985870361328125","27"
"0.5178070068359375","0.59808349609375","28"
"0.5196075439453125","0.5997772216796875","28"
"0.5222320556640625","0.6016693115234375","29"
"0.525482177734375","0.6040191650390625","28"
"0.529205322265625","0.606658935546875","27"
"0.5326690673828125","0.608978271484375","28"
"0.535614013671875","0.6112823486328125","28"
"0.53741455078125","0.6129150390625","28"
"0.5395965576171875","0.6136474609375","27"
"0.5416107177734375","0.6154327392578125","27"
"0.5421142578125","0.6160736083984375","27"
"0.5432281494140625","0.6160430908203125","26"
"0.544647216796875","0.6176300048828125","27"
"0.54541015625","0.6189422607421875","27"
"0.5457916259765625","0.618743896484375","27"
"0.547698974609375","0.6198577880859375","27"
"0.5485076904296875","0.6199798583984375","26"
"0.5478515625","0.6198883056640625","26"
"0.5431671142578125","0.61651611328125","26"
"0.527435302734375","0.6043548583984375","26"
"0.5052947998046875","0.5888519287109375","26"
"0.4926910400390625","0.5800933837890625","25"
"0.4878387451171875","0.57550048828125","26"
"0.4869384765625","0.575653076171875","26"
"0.48858642578125","0.57635498046875","26"
"0.491912841796875","0.5787811279296875","26"
"0.4972381591796875","0.582611083984375","26"
"0.50311279296875","0.5872650146484375","26"
"0.5096588134765625","0.59246826171875","26"
"0.5161590576171875","0.5983428955078125","26"
"0.5225067138671875","0.60150146484375","26"
"0.5255584716796875","0.60369873046875","26"
"0.527374267578125","0.6049652099609375","26"
"0.5275115966796875","0.605072021484375","26"
"0.52569580078125","0.604095458984375","26"
"0.5236053466796875","0.60247802734375","26"
"0.522796630859375","0.60162353515625","26"
"0.5231781005859375","0.6017913818359375","26"
"0.5247802734375","0.6031951904296875","26"
"0.52789306640625","0.6054229736328125","26"
"0.5308837890625","0.6073455810546875","27"
"0.5341949462890625","0.6103668212890625","27"
"0.5372772216796875","0.61212158203125","27"
"0.539794921875","0.61370849609375","26"
"0.5408935546875","0.615478515625","26"
"0.5428619384765625","0.616973876953125","26"
"0.5437774658203125","0.617279052734375","26"
"0.54541015625","0.6171112060546875","27"
"0.5462646484375","0.6195526123046875","27"
"0.5472259521484375","0.619781494140625","27"
"0.5478668212890625","0.61981201171875","27"
"0.54876708984375","0.6202392578125","28"
"0.5492401123046875","0.6211090087890625","28"
"0.5504608154296875","0.6221771240234375","28"
"0.5485382080078125","0.6201019287109375","28"
"0.53759765625","0.61285400390625","27"
"0.517120361328125","0.5984344482421875","27"
"0.4993133544921875","0.584686279296875","26"
"0.49169921875","0.5784454345703125","26"
"0.488983154296875","0.5761260986328125","26"
"0.4900360107421875","0.5767822265625","25"
"0.4931793212890625","0.57904052734375","26"
"0.4977874755859375","0.5826416015625","26"
"0.5045623779296875","0.5877227783203125","26"
"0.510986328125","0.592742919921875","26"
"0.5177154541015625","0.598114013671875","26"
"0.5241851806640625","0.602874755859375","26"
"0.52862548828125","0.60528564453125","26"
"0.5305328369140625","0.608062744140625","27"
"0.5303497314453125","0.6082305908203125","26"
"0.529510498046875","0.6069183349609375","26"
"0.528167724609375","0.605194091796875","26"
"0.5263519287109375","0.60491943359375","26"
"0.5271453857421875","0.6046905517578125","26"
"0.5286407470703125","0.60540771484375","26"
"0.53076171875","0.6078643798828125","26"
"0.5332794189453125","0.6100616455078125","27"
"0.5366058349609375","0.611907958984375","27"
"0.5387725830078125","0.613555908203125","26"
"0.54107666015625","0.6152496337890625","26"
"0.5431060791015625","0.61614990234375","27"
"0.5442657470703125","0.6174468994140625","27"
"0.5457916259765625","0.6185455322265625","28"
"0.5467987060546875","0.6192169189453125","28"
"0.5479736328125","0.619659423828125","27"
"0.5489349365234375","0.6203155517578125","27"
"0.549224853515625","0.6211090087890625","27"
"0.550811767578125","0.622283935546875","27"
"0.5515899658203125","0.6225128173828125","26"
"0.5508270263671875","0.6223297119140625","26"
"0.542572021484375","0.6158905029296875","26"
"0.523284912109375","0.602020263671875","26"
"0.5037689208984375","0.5872650146484375","27"
"0.4949798583984375","0.5798492431640625","27"
"0.4912261962890625","0.5775909423828125","27"
"0.4912872314453125","0.5779571533203125","27"
"0.494415283203125","0.5798492431640625","27"
"0.499359130859375","0.5834503173828125","27"
"0.50567626953125","0.5886383056640625","27"
"0.5136566162109375","0.594482421875","27"
"0.5203857421875","0.60089111328125","27"
"0.527252197265625","0.6043548583984375","27"
"0.53057861328125","0.6072998046875","27"
"0.5321502685546875","0.6085968017578125","28"
"0.5333709716796875","0.609039306640625","28"
"0.5320587158203125","0.608642578125","28"
"0.531402587890625","0.6068267822265625","28"
"0.530548095703125","0.606689453125","28"
"0.5294342041015625","0.6064605712890625","26"
"0.5311279296875","0.6067352294921875","28"
"0.5333099365234375","0.608612060546875","27"
"0.5360260009765625","0.6110992431640625","28"
"0.5391693115234375","0.612396240234375","28"
"0.541778564453125","0.6137237548828125","28"
"0.5432281494140625","0.61627197265625","28"
"0.5448760986328125","0.617034912109375","28"
"0.546356201171875","0.617919921875","28"
"0.5473480224609375","0.61883544921875","28"
"0.5488128662109375","0.619293212890625","28"
"0.5496368408203125","0.6208343505859375","28"
"0.5506744384765625","0.6211700439453125","28"
"0.551788330078125","0.621856689453125","28"
"0.5525054931640625","0.6226348876953125","28"
"0.5526275634765625","0.622528076171875","28"
"0.55267333984375","0.622222900390625","28"
"0.5464324951171875","0.61846923828125","28"
"0.5284881591796875","0.6052093505859375","28"
"0.5075836181640625","0.58929443359375","28"
"0.4962005615234375","0.580596923828125","28"
"0.492584228515625","0.5776519775390625","28"
"0.492828369140625","0.5769500732421875","27"
"0.4950408935546875","0.5792236328125","27"
"0.4988250732421875","0.5830230712890625","27"
"0.505401611328125","0.5869598388671875","28"
"0.5120391845703125","0.5927734375","28"
"0.5199432373046875","0.598388671875","28"
"0.5263671875","0.6026611328125","29"
"0.5308380126953125","0.60614013671875","29"
"0.532989501953125","0.60870361328125","29"
"0.53314208984375","0.6080322265625","29"
"0.532135009765625","0.608306884765625","29"
"0.5310211181640625","0.6068878173828125","28"
"0.530364990234375","0.6060791015625","28"
"0.5303192138671875","0.605926513671875","28"
"0.530975341796875","0.6060943603515625","28"
"0.532470703125","0.6074981689453125","28"
"0.5351715087890625","0.6092376708984375","28"
"0.5376739501953125","0.6118621826171875","28"
"0.54052734375","0.613739013671875","27"
"0.542999267578125","0.6144256591796875","27"
"0.5438995361328125","0.6164093017578125","28"
"0.546173095703125","0.6168212890625","27"
"0.5475311279296875","0.618499755859375","27"
"0.5485076904296875","0.6190948486328125","27"
"0.549102783203125","0.6197052001953125","26"
"0.5499114990234375","0.6203460693359375","26"
"0.5516357421875","0.6206817626953125","25"
"0.5521087646484375","0.621734619140625","25"
"0.5528717041015625","0.622314453125","25"