"26542","29442","0"
"26071","29170","0"
"25678","28918","0"
"25554","28848","0"
"25520","28832","0"
"25601","28901","0"
"25715","28954","0"
"25769","29008","0"
"25852","29039","0"
"25900","29078","0"
"25996","29157","0"
"25997","29165","0"
"26038","29172","0"
"25960","29110","0"
"25940","29114","0"
"25941","29135","0"
"25941","29097","0"
"25994","29125","0"
"26028","29123","0"
"26114","29217","0"
"26201","29253","0"
"26245","29296","0"
"26313","29350","0"
"26345","29375","0"
"26388","29399","0"
"26422","29385","0"
"26448","29434","0"
"26462","29474","0"
"26558","29498","0"
"26564","29524","0"
"26553","29506","0"
"26268","29260","0"
"25799","29012","0"
"25545","28808","0"
"25487","28764","0"
"25520","28783","0"
"25560","28846","0"
"25652","28861","0"
"25710","28937","0"
"25770","28981","0"
"25791","28973","0"
"25859","29039","0"
"25904","29002","0"
"25866","29030","0"
"25833","29013","0"
"25827","29016","0"
"25811","29024","0"
"25874","29065","0"
"25905","29070","0"
"25963","29080","0"
"25994","29132","0"
"26106","29171","0"
"26148","29234","0"
"26197","29279","0"
"26245","29297","0"
"26309","29327","0"
"26295","29272","0"
"26332","29319","0"
"26348","29304","0"
"26403","29345","0"
"26465","29391","0"
"26512","29433","0"
"26557","29429","0"
"26436","29340","0"
"25977","29075","0"
"25647","28821","0"
"25484","28783","0"
"25478","28759","0"
"25535","28769","0"
"25615","28829","0"
"25716","28856","0"
"25757","28948","0"
"25840","28972","0"
"25890","29016","0"
"25919","29058","0"
"25920","29025","0"
"25877","29029","0"
"25858","28987","0"
"25789","28940","0"
"25854","28994","0"
"25881","29019","0"
"25913","29033","0"
"26022","29051","0"
"26053","29134","0"
"26180","29238","0"
"26231","29221","0"
"26204","29229","0"
"26249","29298","0"
"26269","29282","0"
"26339","29304","0"
"26358","29321","0"
"26380","29314","0"
"26371","29331","0"
"26441","29407","0"
"26538","29399","0"
"26442","29384","0"
"26072","29122","0"
"25711","28862","0"
"25568","28735","0"
"25518","28747","0"
"25527","28757","0"
"25649","28856","0"
"25688","28866","0"
"25790","28955","0"
"25870","28972","0"
"25972","29047","0"
"25937","29076","0"
"25974","29040","0"
"25944","29021","0"
"25899","29019","0"
"25880","29015","0"
"25895","29016","0"
"25941","29014","0"
"25977","29051","0"
"26024","29069","0"
"26106","29106","0"
"26188","29134","0"
"26223","29198","0"
"26272","29224","0"
"26307","29245","0"
"26317","29280","0"
"26344","29221","0"
"26381","29350","0"
"26421","29372","0"
"26463","29334","0"
"26545","29406","0"
"26554","29418","0"
"26621","29435","0"
"26637","29418","0"
"26364","29269","0"
"25870","28943","0"
"25660","28778","0"
"25564","28723","0"
"25561","28757","0"
"25596","28805","0"
"25688","28877","0"
"25791","28893","0"
"25848","28935","0"
"25854","28959","0"
"25932","29013","0"
"25945","29025","0"
"25963","29036","0"
"25929","29006","0"
"25904","28995","0"
"25894","28957","0"
"25963","29033","0"
"25945","29043","0"
"26008","29030","0"
"26096","29105","0"
"26188","29155","0"
"26229","29185","0"
"26267","29226","0"
"26290","29218","0"
"26347","29247","0"
"26358","29290","0"
"26427","29330","0"
"26427","29294","0"
"26437","29275","0"
"26475","29313","0"
"26570","29393","0"
"26603","29410","0"
"26647","29407","0"
"26731","29509","0"
"26698","29493","0"
"26393","29280","0"
"25965","29013","0"
"25740","28845","0"
"25641","28799","0"
"25646","28757","0"
"25721","28876","0"
"25824","28897","0"
"25866","28930","0"
"25926","29004","0"
"25961","29029","0"
"25998","29052","0"
"26040","29041","0"
"26027","29014","0"
"26050","29060","0"
"25996","29048","0"
"25989","29017","0"
"26072","29080","0"
"26085","29095","0"
"26150","29084","0"
"26163","29112","0"
"26238","29217","0"
"26342","29202","0"
"26356","29261","0"
"26425","29296","0"
"26447","29325","0"
"26496","29333","0"
"26542","29390","0"
"26536","29372","0"
"26577","29394","0"
"26619","29361","0"
"26661","29431","0"
"26700","29464","0"
"26767","29486","0"
"26838","29521","0"
"26875","29600","0"
"26948","29607","0"
"26664","29420","0"
"26203","29096","0"
"25880","28928","0"
"25767","28822","0"
"25764","28801","0"
"25852","28883","0"
"25926","28953","0"
"25986","28999","0"
"26054","29011","0"
"26119","29037","0"
"26211","29077","0"
"26173","29108","0"
"26183","29133","0"
"26197","29116","0"
"26194","29088","0"
"26189","29137","0"
"26227","29109","0"
"26241","29151","0"
"26258","29164","0"
"26346","29203","0"
"26389","29242","0"
"26457","29287","0"
"26533","29305","0"
"26558","29375","0"
"26611","29375","0"
"26673","29429","0"
"26668","29410","0"
"26726","29451","0"
"26709","29465","0"
"26784","29477","0"
"26813","29496","0"
"26884","29554","0"
"26934","29560","0"
"26995","29587","0"
"27065","29615","0"
"27121","29652","0"
"26916","29587","0"
"26469","29257","0"
"26099","28994","0"
"25975","28903","0"
"25982","28927","0"
"26031","28972","0"
"26115","29038","0"
"26216","29118","0"
"26289","29162","0"
"26354","29160","0"
"26398","29242","0"
"26439","29249","0"
"26427","29207","0"
"26411","29225","0"
"26409","29218","0"
"26368","29241","0"
"26400","29200","0"
"26439","29246","0"
"26521","29289","0"
"26566","29348","0"
"26694","29349","0"
"26721","29420","0"
"26791","29470","0"
"26851","29489","0"
"26881","29556","0"
"26952","29568","0"
"26973","29650","0"
"27011","29623","0"
"27046","29636","0"
"27071","29631","0"
"27081","29650","0"
"27160","29697","0"
"27205","29753","0"
"27274","29754","0"
"27322","29782","0"
"27093","29660","0"
"26701","29419","0"
"26427","29202","0"
"26327","29148","0"
"26311","29168","0"
"26387","29230","0"
"26458","29274","0"
"26561","29321","0"
"26651","29375","0"
"26688","29422","0"
"26736","29444","0"
"26793","29479","0"
"26789","29462","0"
"26754","29460","0"
"26710","29405","0"
"26753","29435","0"
"26755","29462","0"
"26795","29498","0"
"26839","29501","0"
"26907","29551","0"
"26978","29609","0"
"27016","29616","0"
"27130","29662","0"
"27175","29708","0"
"27201","29693","0"
"27233","29759","0"
"27245","29773","0"
"27298","29744","0"
"27327","29809","0"
"27364","29830","0"
"27434","29854","0"
"27463","29909","0"
"27531","29942","0"
"27563","29956","0"
"27393","29867","0"
"26983","29607","0"
"26704","29418","0"
"26560","29326","0"
"26578","29302","0"
"26656","29344","0"
"26719","29415","0"
"26781","29468","0"
"26847","29542","0"
"26909","29559","0"
"26937","29597","0"
"26986","29570","0"
"27012","29603","0"
"26995","29580","0"
"26998","29598","0"
"26963","29597","0"
"26950","29613","0"
"27015","29619","0"
"27047","29673","0"
"27109","29664","0"
"27202","29715","0"
"27259","29746","0"
"27299","29783","0"
"27343","29756","0"
"27384","29835","0"
"27437","29856","0"
"27463","29841","0"
"27472","29884","0"
"27551","29882","0"
"27588","29930","0"
"27588","29951","0"
"27628","29980","0"
"27682","29994","0"
"27633","29963","0"
"27334","29789","0"
"26945","29511","0"
"26772","29411","0"
"26691","29392","0"
"26738","29431","0"
"26801","29469","0"
"26887","29511","0"
"26943","29544","0"
"26973","29556","0"
"26994","29615","0"
"27121","29649","0"
"27105","29657","0"
"27117","29623","0"
"27084","29632","0"
"27087","29646","0"
"27090","29656","0"
"27070","29644","0"
"27135","29687","0"
"27173","29702","0"
"27250","29721","0"
"27297","29772","0"
"27345","29788","0"
"27400","29824","0"
"27465","29848","0"
"27473","29886","0"
"27496","29869","0"
"27513","29888","0"
"27566","29872","0"
"27571","29892","0"
"27608","29968","0"
"27679","29995","0"
"27732","30012","0"
"27792","30060","0"
"27887","30129","0"
"27715","30002","0"
"27400","29810","0"
"26986","29582","0"
"26848","29463","0"
"26760","29415","0"
"26836","29483","0"
"26848","29505","0"
"26950","29525","0"
"27013","29530","0"
"27073","29584","0"
"27079","29631","0"
"27097","29671","0"
"27127","29695","0"
"27162","29673","0"
"27131","29680","0"
"27142","29631","0"
"27136","29664","0"
"27151","29690","0"
"27188","29687","0"
"27269","29746","0"
"27311","29740","0"
"27369","29809","0"
"27387","29819","0"
"27457","29837","0"
"27521","29860","0"
"27511","29875","0"
"27589","29935","0"
"27593","29990","0"
"27640","29948","0"
"27677","29990","0"
"27681","30014","0"
"27744","30029","0"
"27759","30045","0"
"27815","30075","0"
"27920","30090","0"
"27942","30131","0"
"27867","30083","0"
"27550","29848","0"
"27080","29617","0"
"26849","29448","0"
"26768","29387","0"
"26782","29406","0"
"26881","29470","0"
"26943","29532","0"
"27038","29545","0"
"27115","29592","0"
"27146","29606","0"
"27216","29670","0"
"27257","29694","0"
"27205","29703","0"
"27172","29672","0"
"27194","29661","0"
"27167","29646","0"
"27190","29674","0"
"27239","29716","0"
"27303","29715","0"
"27342","29758","0"
"27403","29806","0"
"27462","29842","0"
"27513","29883","0"
"27579","29908","0"
"27568","29899","0"
"27663","29931","0"
"27638","29943","0"
"27679","29928","0"
"27725","29996","0"
"27763","30032","0"
"27772","30001","0"
"27837","30047","0"
"27888","30103","0"
"27968","30121","0"
"27997","30173","0"
"27802","30035","0"
"27384","29734","0"
"27028","29554","0"
"26886","29458","0"
"26820","29409","0"
"26907","29451","0"
"26981","29521","0"
"27083","29566","0"
"27164","29597","0"
"27214","29661","0"
"27287","29690","0"
"27340","29751","0"
"27357","29760","0"
"27345","29792","0"
"27338","29775","0"
"27339","29775","0"
"27323","29773","0"
"27418","29785","0"
"27446","29850","0"
"27508","29856","0"
"27582","29880","0"
"27632","29977","0"
"27755","29977","0"
"27775","30035","0"
"27827","30072","0"
"27907","30156","0"
"27980","30125","0"
"28043","30166","0"
"28068","30231","0"
"28136","30239","0"
"28237","30270","0"
"28315","30329","0"
"28390","30426","0"
"28508","30467","0"
"28408","30421","0"
"28083","30253","0"
"27715","29991","0"
"27499","29851","0"
"27446","29791","0"
"27448","29794","0"
"27510","29817","0"
"27485","29847","2"
"27519","29876","5"
"27591","29906","6"
"27674","29967","7"
"27668","29942","8"
"27654","29922","9"
"27604","29913","10"
"27594","29867","11"
"27548","29851","12"
"27561","29855","13"
"27595","29881","14"
"27592","29898","15"
"27689","29924","16"
"27738","29977","17"
"27810","29988","18"
"27823","30023","19"
"27863","30026","19"
"27871","30053","20"
"27889","30064","21"
"27843","30037","21"
"27886","30092","21"
"27852","30063","22"
"27662","29906","22"
"27371","29710","22"
"27142","29564","23"
"27092","29559","23"
"27069","29577","24"
"27122","29577","24"
"27198","29590","24"
"27254","29636","24"
"27335","29684","24"
"27372","29729","25"
"27391","29741","25"
"27450","29780","25"
"27403","29756","26"
"27376","29754","27"
"27369","29749","27"
"27331","29704","28"
"27373","29779","28"
"27367","29758","29"
"27397","29762","30"
"27481","29839","30"
"27512","29808","31"
"27548","29860","31"
"27537","29847","32"
"27597","29895","32"
"27608","29866","32"
"27615","29925","33"
"27673","29929","33"
"27669","29952","33"
"27580","29927","33"
"27366","29731","34"
"27054","29510","34"
"26869","29425","34"
"26787","29393","34"
"26836","29395","35"
"26844","29414","35"
"26961","29451","34"
"27052","29535","34"
"27086","29547","24"
"27096","29570","34"
"27138","29596","34"
"27125","29563","34"
"27114","29570","34"
"27046","29540","31"
"27026","29515","33"
"27024","29521","31"
"27058","29539","33"
"27115","29589","31"
"27192","29664","32"
"27258","29675","30"
"27271","29685","31"
"27341","29710","29"
"27420","29751","29"
"27392","29750","28"
"27459","29817","28"
"27456","29807","27"
"27511","29839","27"
"27532","29860","25"
"27592","29866","26"
"27661","29910","26"
"27561","29838","26"
"27169","29628","26"
"26920","29433","26"
"26773","29351","26"
"26765","29344","26"
"26837","29416","25"
"26932","29472","25"
"27033","29489","24"
"27105","29525","24"
"27175","29597","23"
"27267","29636","23"
"27301","29642","23"
"27264","29648","23"
"27248","29611","23"
"27211","29618","21"
"27205","29597","22"
"27151","29624","22"
"27295","29573","22"
"27286","29664","22"
"27307","29677","22"
"27388","29739","22"
"27485","29759","22"
"27569","29771","22"
"27645","29850","22"
"27667","29895","22"
"27720","29898","22"
"27793","29947","22"
"27764","29961","22"
"27831","29962","22"
"27842","30010","22"
"27885","30023","22"
"27963","30059","23"
"28010","30096","23"
"28027","30109","23"
"28098","30109","23"
"28105","30120","23"
"27747","29892","22"
"27249","29581","23"
"26964","29445","23"
"26902","29335","23"
"26922","29424","23"
"27048","29464","23"
"27162","29589","23"
"27310","29645","22"
"27465","29704","23"
"27556","29777","23"
"27648","29861","23"
"27627","29869","23"
"27546","29803","24"
"27469","29717","24"
"27366","29658","24"
"27337","29662","23"
"27353","29652","24"
"27386","29689","24"
"27473","29687","24"
"27548","29773","24"
"27587","29847","24"
"27703","29870","24"
"27785","29898","24"
"27880","29955","24"
"27892","30014","24"
"27977","29994","24"
"28001","30047","24"
"28048","30057","25"
"28070","30068","25"
"28095","30091","26"
"28106","30120","26"
"28159","30140","26"
"28186","30159","25"
"28262","30173","25"
"28316","30225","25"
"28326","30212","25"
"28410","30297","26"
"28505","30354","27"
"28557","30389","29"
"28488","30343","33"
"27994","30019","37"
"27502","29720","40"
"27284","29576","40"
"27262","29593","40"
"27311","29555","40"
"27451","29657","39"
"27590","29770","36"
"27827","29892","35"
"28070","30076","34"
"28382","30272","34"
"28599","30382","32"
"28559","30374","31"
"28441","30293","30"
"28173","30113","30"
"28002","30012","30"
"27959","29986","29"
"27872","29942","27"
"27939","29998","26"
"28014","29987","26"
"28090","30064","25"
"28268","30128","24"
"28372","30219","24"
"28513","30333","23"
"28625","30367","23"
"28714","30461","23"
"28836","30544","24"
"28966","30604","24"
"29019","30659","25"
"29105","30720","26"
"29131","30711","26"
"29182","30747","26"
"29243","30770","27"
"29303","30824","27"
"29369","30846","28"
"29413","30905","29"
"29559","30896","30"
"29570","31003","30"
"29683","31067","31"
"29514","30916","31"
"28916","30579","31"
"28297","30154","31"
"28008","29979","30"
"27988","29954","30"
"28012","29993","29"
"28161","30075","29"
"28385","30206","29"
"28708","30360","29"
"29087","30624","27"
"29490","30927","27"
"29733","31089","26"
"29931","31200","26"
"29896","31198","26"
"29802","31099","25"
"29586","30943","24"
"29352","30839","23"
"29260","30751","22"
"29186","30716","21"
"29206","30726","21"
"29299","30766","21"
"29444","30865","21"
"29587","30966","21"
"29729","31050","21"
"29883","31105","20"
"30050","31209","19"
"30201","31321","18"
"30294","31373","18"
"30383","31432","19"
"30459","31514","21"
"30515","31561","22"
"30576","31546","23"
"30635","31614","24"
"30660","31652","24"
"30751","31674","26"
"30756","31636","28"
"30806","31772","29"
"30731","31637","28"
"30416","31465","28"
"29703","30962","29"
"29124","30646","30"
"28905","30511","30"
"28878","30471","29"
"28996","30546","29"
"29223","30715","29"
"29554","30909","31"
"29969","31188","32"
"30312","31365","34"
"30476","31527","35"
"30576","31546","35"
"30601","31569","35"
"30616","31567","34"
"30584","31565","33"
"30506","31514","34"
"30438","31484","34"
"30423","31435","34"
"30368","31414","34"
"30444","31476","34"
"30503","31508","34"
"30589","31566","34"
"30685","31613","33"
"30790","31664","33"
"30852","31745","32"
"30937","31758","32"
"30948","31783","31"
"30991","31828","31"
"31041","31792","32"
"31057","31866","32"
"31095","31869","32"
"31143","31903","32"
"31192","31923","33"
"31219","31951","33"
"31241","31963","34"
"31189","31920","35"
"31108","31822","35"
"30691","31559","34"
"30058","31211","34"
"29702","30953","33"
"29575","30877","33"
"29637","30938","32"
"29831","31038","32"
"30175","31257","32"
"30453","31436","32"
"30735","31637","32"
"30912","31694","31"
"30987","31771","31"
"31059","31812","31"
"31052","31829","32"
"31059","31795","32"
"31014","31805","31"
"30990","31792","32"
"30951","31768","33"
"30958","31723","33"
"31009","31751","33"
"31014","31790","34"
"31067","31833","34"
"31094","31830","35"
"31177","31882","35"
"31219","31908","35"
"31254","31870","36"
"31297","31970","37"
"31344","31971","37"
"31362","32003","37"
"31420","32028","37"
"31414","32006","37"
"31442","32068","37"
"31467","32069","36"
"31495","32124","37"
"31438","32036","38"
"31264","31926","38"
"30924","31689","39"
"30425","31377","39"
"30112","31179","39"
"30025","31146","38"
"30122","31201","38"
"30359","31330","37"
"30628","31504","37"
"30887","31647","36"
"31024","31779","36"
"31184","31865","35"
"31227","31945","35"
"31300","31952","36"
"31309","31933","37"
"31246","31905","37"
"31264","31943","36"
"31232","31861","35"
"31225","31878","34"
"31222","31874","34"
"31270","31905","32"
"31249","31914","31"
"31342","31928","31"
"31352","31963","31"
"31408","31968","32"
"31422","32009","31"
"31478","32068","31"
"31496","32044","29"
"31520","32057","27"
"31539","32092","26"
"31593","32128","24"
"31582","32098","24"
"31643","32169","23"
"31592","32090","22"
"31387","32018","21"
"31032","31778","21"
"30638","31477","21"
"30410","31328","20"
"30323","31301","18"
"30476","31383","18"
"30694","31556","18"
"30945","31662","18"
"31140","31792","22"
"31279","31959","24"
"31386","32002","26"
"31411","31987","25"
"31460","32000","23"
"31445","32037","22"
"31458","32020","22"
"31419","31967","21"
"31428","31988","22"
"31440","32015","22"
"31425","32005","22"
"31442","31987","23"
"31481","32014","26"
"31555","32040","30"
"31528","32025","37"
"31617","32096","40"
"31605","32099","40"
"31643","32156","40"
"31703","32164","40"
"31720","32161","40"
"31754","32159","40"
"31737","32203","38"
"31745","32175","36"
"31756","32200","35"
"31737","32146","35"
"31597","32094","35"
"31498","32007","36"
"31373","31918","38"
"31351","31958","38"
"31452","32026","36"
"31527","32051","34"
"31621","32060","32"
"31703","32144","32"
"31761","32160","30"
"31809","32192","27"
"31870","32232","27"
"31842","32236","26"
"31800","32239","27"
"31839","32213","28"
"31834","32194","28"
"31837","32194","29"
"31823","32206","32"
"31855","32208","36"
"31868","32187","38"
"31853","32272","37"
"31960","32278","35"
"31925","32275","33"
"31967","32270","32"
"31957","32289","31"
"31987","32287","31"
"32015","32342","31"
"32036","32328","33"
"31996","32321","35"
"32038","32298","37"
"32026","32313","39"
"32051","32330","40"
"32023","32309","40"
"31955","32275","40"
"31919","32262","39"
"31925","32246","37"
"31943","32247","35"
"31957","32267","34"
"31966","32305","33"
"32074","32342","33"
"32088","32343","32"
"32124","32355","32"
"32130","32347","32"
"32128","32405","32"
"32140","32397","33"
"32120","32407","34"
"32141","32426","36"
"32116","32349","38"
"32158","32356","39"
"32159","32386","40"
"32153","32346","40"
"32170","32395","40"
"32174","32397","40"
"32188","32459","40"
"32234","32489","40"
"32237","32447","40"
"32201","32401","40"
"32241","32445","40"
"32164","32437","40"
"31989","32299","40"
"31754","32149","40"
"31496","31975","40"
"31325","31839","40"
"31322","31869","40"
"31427","31894","40"
"31625","32036","40"
"31701","32115","38"
"31824","32164","36"
"31890","32234","34"
"31951","32302","34"
"31941","32260","35"
"31976","32304","36"
"31983","32305","37"
"31931","32216","39"
"31880","32217","40"
"31889","32169","40"
"31817","32180","40"
"31878","32210","40"
"31899","32202","40"
"31958","32259","40"
"31970","32277","40"
"32012","32303","40"
"32045","32296","40"
"32024","32279","40"
"31812","32180","40"
"31088","31683","40"
"30235","31148","40"
"29728","30819","40"
"29482","30708","40"
"29450","30670","40"
"29521","30718","40"
"29632","30768","40"
"29792","30895","40"
"30039","31058","38"
"30308","31183","37"
"30476","31339","37"
"30212","31137","34"
"30354","31270","35"
"30468","31313","37"
"30656","31431","39"
"30719","31468","40"
"30282","31196","39"
"29452","30717","37"
"28880","30330","37"
"28584","30171","35"
"28429","30113","35"
"28467","30078","34"
"28446","30101","34"
"28492","30166","34"
"28580","30215","34"
"28674","30264","33"
"28775","30338","33"
"28840","30335","33"
"28891","30343","32"
"28804","30343","32"
"28732","30350","32"
"28670","30178","32"
"28636","30220","32"
"28646","30223","31"
"28632","30199","31"
"28674","30243","31"
"28727","30294","31"
"28827","30345","31"
"28883","30353","32"
"28955","30431","33"
"29030","30406","34"
"29094","30498","33"
"29062","30501","32"
"28730","30272","31"
"28269","29987","30"
"27904","29781","25"
"27764","29690","29"
"27680","29623","29"
"27715","29635","28"
"27727","29703","24"
"27749","29693","27"
"27754","29695","27"
"27766","29696","23"
"27832","29712","28"
"27886","29782","28"
"27845","29775","28"
"27854","29703","29"
"27806","29730","29"
"27776","29668","29"
"27754","29694","27"
"27786","29652","29"
"27833","29704","29"
"27850","29760","29"
"27818","29736","30"
"27888","29743","31"
"27929","29799","32"
"27955","29795","34"
"27998","29807","35"
"27977","29841","36"
"28013","29847","38"
"28002","29820","37"
"28046","29852","37"
"28046","29838","33"
"27901","29791","33"
"27529","29535","32"
"27198","29331","31"
"26987","29214","29"
"26928","29121","29"
"26880","29117","28"
"26902","29136","28"
"26906","29148","29"
"26862","29094","30"
"26832","29080","32"
"26843","29094","35"
"26858","29108","37"
"26845","29135","38"
"26865","29156","38"
"26888","29124","37"
"26865","29122","37"
"26836","29073","37"
"26822","29100","37"
"26849","29087","36"
"26809","29073","36"
"26862","29101","36"
"26877","29109","36"
"26912","29151","36"
"26912","29165","36"
"26965","29188","36"
"26960","29153","36"
"26961","29207","35"
"26958","29138","34"
"27000","29208","33"
"27039","29212","31"
"27011","29241","32"
"27075","29231","32"
"27103","29285","33"
"27077","29254","33"
"27132","29274","34"
"27110","29266","35"
"27169","29303","35"
"27175","29335","35"
"27249","29317","36"
"27246","29334","36"
"27290","29382","37"
"27300","29376","36"
"27335","29362","36"
"27338","29396","37"
"27411","29420","37"
"27398","29451","37"
"27447","29448","36"
"27495","29464","37"
"27523","29486","37"
"27535","29529","37"
"27553","29555","37"
"27375","29391","37"
"26847","29087","37"
"26421","28822","36"
"26188","28674","35"
"26077","28609","34"
"26045","28551","33"
"26020","28564","33"
"26026","28608","34"
"25999","28574","34"
"25958","28537","33"
"25934","28500","33"
"25942","28553","33"
"25977","28555","33"
"26049","28614","34"
"26038","28595","34"
"25979","28585","35"
"25963","28557","34"
"25930","28557","34"
"25952","28573","33"
"25976","28518","33"
"26011","28617","33"
"26016","28637","33"
"26028","28601","33"
"26036","28635","33"
"26064","28652","33"
"26083","28627","33"
"26099","28637","33"
"26109","28652","33"
"26109","28649","32"
"26125","28631","31"
"26127","28659","32"
"26113","28665","32"
"26195","28668","31"
"26203","28720","32"
"26228","28734","32"
"26278","28725","32"
"26277","28763","32"
"26318","28768","32"
"26343","28750","31"
"26364","28855","31"
"26396","28844","30"
"26406","28827","29"
"26405","28847","30"
"26438","28879","29"
"26467","28871","29"
"26474","28898","29"
"26181","28718","27"
"25857","28471","28"
"25580","28323","27"
"25394","28174","26"
"25334","28189","26"
"25290","28133","25"
"25273","28174","24"
"25275","28144","23"
"25215","28134","23"
"25217","28117","23"
"25215","28107","23"
"25232","28121","23"
"25295","28109","24"
"25265","28108","25"
"25263","28152","26"
"25238","28114","26"
"25254","28116","26"
"25215","28130","26"
"25235","28129","25"
"25291","28192","26"
"25352","28223","26"
"25339","28223","26"
"25385","28257","27"
"25397","28250","27"
"25415","28243","28"
"25460","28287","31"
"25472","28300","35"
"25466","28325","38"
"25425","28268","40"
"25482","28331","39"
"25499","28314","36"
"25544","28356","34"
"25584","28411","33"
"25578","28405","32"
"25604","28402","32"
"25664","28457","31"
"25647","28471","30"
"25675","28472","30"
"25685","28508","30"
"25724","28513","30"
"25747","28505","30"
"25809","28521","30"
"25846","28567","31"
"25900","28626","31"
"25899","28593","31"
"25905","28610","31"
"25961","28614","30"
"25943","28648","30"
"26007","28669","30"
"26022","28663","31"
"26074","28745","31"
"26107","28740","30"
"26155","28775","30"
"26175","28781","30"
"26214","28789","29"
"26270","28841","30"
"26296","28865","30"
"26359","28871","30"
"26332","28910","31"
"26383","28886","31"
"26422","28960","30"
"26455","28982","31"
"26490","29015","31"
"26533","29006","31"
"26583","29058","31"
"26624","29072","31"
"26669","29102","32"
"26696","29129","32"
"26788","29159","32"
"26820","29208","33"
"26836","29206","33"
"26854","29270","34"
"26930","29238","35"
"26947","29252","36"
"27047","29330","35"
"27077","29348","34"
"27070","29342","34"
"27137","29384","33"
"27155","29442","31"
"27222","29447","31"
"27289","29473","31"
"27304","29487","32"
"27374","29549","32"
"27344","29522","33"
"26798","29191","33"
"25992","28711","35"
"25584","28430","35"
"25380","28320","36"
"25396","28275","38"
"25362","28270","39"
"25412","28333","40"
"25456","28366","40"
"25381","28319","40"
"25347","28351","40"
"25372","28345","38"
"25371","28324","34"
"25430","28347","30"
"25415","28335","25"
"25438","28379","18"
"25391","28378","11"
"25406","28348","1"
"25401","28353","0"
"25404","28403","0"
"25464","28387","0"
"25469","28403","0"
"25515","28429","0"
"25532","28418","0"
"25552","28452","0"
"25604","28514","0"
"25626","28530","0"
"25668","28541","0"
"25698","28561","0"
"25716","28591","0"
"25758","28599","0"
"25803","28616","0"
"25801","28636","0"
"25836","28673","0"
"25904","28667","0"
"25920","28723","0"
"25965","28753","0"
"26024","28745","0"
"26029","28807","0"
"26054","28817","0"
"26104","28840","0"
"26119","28788","0"
"26152","28870","0"
"26244","28899","0"
"26249","28911","0"
"26352","28969","0"
"26341","28981","0"
"26396","28999","0"
"26440","29025","0"
"26471","29080","0"
"26500","29077","0"
"26541","29100","0"
"26365","28990","0"
"25845","28693","0"
"25492","28445","0"
"25321","28340","0"
"25253","28337","0"
"25256","28311","0"
"25271","28314","0"
"25307","28346","0"
"25313","28355","0"
"25270","28349","0"
"25271","28332","0"
"25289","28372","0"
"25352","28382","0"
"25343","28409","0"
"25320","28435","0"
"25362","28430","0"
"25329","28413","0"
"25362","28401","0"
"25344","28418","0"
"25360","28410","0"
"25423","28461","0"
"25446","28473","0"
"25469","28510","0"
"25491","28543","0"
"25553","28576","0"
"25609","28570","0"
"25618","28630","0"
"25672","28625","0"
"25698","28670","0"
"25689","28655","0"
"25739","28677","0"
"25766","28747","0"
"25787","28772","0"
"25865","28797","0"
"25883","28739","0"
"25940","28840","0"
"25956","28830","0"
"25975","28865","0"
"26045","28846","0"
"26091","28928","0"
"26139","28925","0"
"26171","28975","0"
"26223","28992","0"
"26253","29041","0"
"26288","29070","0"
"26366","29067","0"
"26421","29111","0"
"26453","29181","0"
"26525","29191","0"
"26571","29227","0"
"26494","29195","0"
"26098","28954","0"
"25621","28627","0"
"25364","28484","0"
"25242","28371","0"
"25214","28398","0"
"25267","28418","0"
"25314","28437","0"
"25317","28414","0"
"25303","28428","0"
"25237","28431","0"
"25239","28439","0"
"25278","28458","0"
"25300","28482","0"
"25317","28495","0"
"25376","28522","0"
"25342","28496","0"
"25346","28512","0"
"25350","28550","2"
"25359","28521","2"
"25401","28583","3"
"25447","28626","3"
"25443","28622","3"
"25475","28640","3"
"25549","28705","5"
"25586","28712","5"
"25631","28710","5"
"25610","28701","4"
"25663","28749","4"
"25700","28791","3"
"25703","28784","3"
"25750","28801","3"
"25776","28838","3"
"25859","28882","2"
"25872","28871","2"
"25902","28925","2"
"25977","28937","2"
"26014","28971","2"
"26072","29006","2"
"26075","29029","2"
"26149","29060","1"
"26205","29072","1"
"26237","29123","1"
"26275","29144","1"
"26314","29224","1"
"26423","29211","1"
"26434","29239","1"
"26481","29285","1"
"26555","29308","1"
"26314","29128","1"
"25798","28856","1"
"25440","28645","1"
"25265","28490","1"
"25216","28501","1"
"25269","28527","1"
"25333","28547","1"
"25317","28580","1"
"25294","28569","1"
"25285","28556","1"
"25227","28494","1"
"25267","28537","1"
"25303","28584","1"
"25310","28551","1"
"25315","28579","0"
"25330","28580","1"
"25330","28578","0"
"25321","28606","0"
"25351","28638","0"
"25357","28627","0"
"25432","28682","0"
"25460","28727","0"
"25524","28749","0"
"25559","28727","0"
"25569","28784","0"
"25634","28813","0"
"25636","28861","0"
"25711","28839","0"
"25736","28904","0"
"25737","28906","0"
"25797","28957","0"
"25832","28921","0"
"25853","28997","0"
"25902","28996","0"
"25956","29025","0"
"25976","29072","0"
"26058","29102","0"
"26102","29127","0"
"26153","29160","0"
"26200","29208","0"
"26229","29254","0"
"26278","29280","0"
"26310","29261","0"
"26428","29320","0"
"26469","29322","0"
"26518","29389","0"
"26487","29404","0"
"26137","29148","0"
"25680","28890","0"
"25383","28677","0"
"25224","28565","0"
"25190","28580","0"
"25221","28590","0"
"25293","28639","0"
"25281","28648","0"
"25319","28656","0"
"25304","28647","0"
"25291","28624","0"
"25298","28645","0"
"25314","28668","0"
"25375","28685","0"
"25349","28727","0"
"25328","28707","0"
"25363","28723","0"
"25382","28769","0"
"25395","28741","0"
"25432","28777","0"
"25488","28800","0"
"25545","28839","0"
"25584","28872","0"
"25627","28917","0"
"25674","28922","0"
"25704","28992","0"
"25754","29014","0"
"25774","29012","0"
"25830","29045","0"
"25864","29040","0"
"25859","29067","0"
"25907","29108","0"
"25949","29124","0"
"26031","29190","0"
"26034","29208","0"
"26103","29209","0"
"26143","29272","0"
"26218","29275","0"
"26282","29358","0"
"26302","29367","0"
"26359","29449","0"
"26440","29429","0"
"26503","29461","0"
"26528","29522","0"
"26611","29595","0"
"26682","29605","0"
"26691","29594","0"
"26391","29437","0"
"25855","29096","0"
"25493","28884","0"
"25290","28757","0"
"25246","28713","0"
"25224","28717","0"
"25296","28766","0"
"25315","28751","0"
"25316","28771","0"
"25346","28803","0"
"25339","28775","0"
"25365","28806","0"
"25403","28798","0"
"25394","28858","0"
"25418","28850","0"
"25413","28841","0"
"25412","28863","0"
"25421","28845","0"
"25463","28889","0"
"25493","28890","0"
"25505","28922","0"
"25583","28947","0"
"25675","29021","0"
"25667","29108","0"
"25772","29079","0"
"25760","29122","0"
"25835","29122","0"
"25852","29163","0"
"25850","29169","0"
"25907","29190","0"
"25963","29185","0"
"26002","29294","0"
"26034","29269","0"
"26108","29330","0"
"26141","29340","0"
"26204","29399","0"
"26283","29441","0"
"26329","29489","0"
"26378","29498","0"
"26459","29528","0"
"26512","29595","0"
"26546","29586","0"
"26615","29634","0"
"26664","29707","0"
"26764","29748","0"
"26765","29750","0"
"26465","29551","0"
"25841","29180","0"
"25420","28931","0"
"25258","28772","0"
"25219","28759","0"
"25250","28779","0"
"25298","28881","0"
"25371","28897","0"
"25376","28903","0"
"25395","28874","0"
"25416","28932","0"
"25439","28941","0"
"25408","28973","0"
"25442","28968","0"
"25406","28950","0"
"25439","28931","0"
"25426","28942","0"
"25441","28939","0"
"25462","28978","0"
"25509","29014","0"
"25569","29065","0"
"25649","29055","0"
"25682","29131","0"
"25745","29186","0"
"25799","29220","0"
"25831","29234","0"
"25857","29232","0"
"25928","29319","0"
"25937","29315","0"
"26002","29311","0"
"26032","29344","0"
"26062","29403","0"
"26103","29423","0"
"26187","29471","0"
"26230","29510","0"
"26333","29548","0"
"26375","29613","0"
"26435","29652","0"
"26530","29663","0"
"26594","29724","0"
"26652","29757","0"
"26733","29839","0"
"26798","29820","0"
"26913","29916","0"
"26873","29928","0"
"26466","29631","0"
"25832","29260","0"
"25423","28959","0"
"25243","28877","0"
"25223","28793","0"
"25229","28912","0"
"25260","28882","0"
"25321","28965","0"
"25339","29004","0"
"25374","28989","0"
"25358","28997","0"
"25486","29037","0"
"25448","29013","0"
"25450","29010","0"
"25461","29014","0"
"25405","29000","0"
"25399","29018","0"
"25453","29035","0"
"25460","29066","0"
"25528","29105","0"
"25571","29154","0"
"25635","29179","0"
"25682","29232","0"
"25678","29216","0"
"25729","29197","0"
"25728","29190","0"
"25733","29194","0"
"25749","29223","0"
"25767","29196","0"
"25769","29215","0"
"25757","29177","0"
"25813","29188","0"
"25867","29280","0"
"25850","29312","0"
"25885","29295","0"
"25920","29328","0"
"26015","29375","0"